{
    "loss": [
        0.013432007817227089,
        0.013247648716620914,
        0.013078547310361257,
        0.01291602157960455,
        0.012742615982682065,
        0.01258806972735645,
        0.012463563891670497
    ],
    "batch_loss": [
        0.01371191993355751,
        0.014472147859632968,
        0.013358740005642175,
        0.013506080005317927,
        0.0138782499730587,
        0.013302090298384427,
        0.013769026957452296,
        0.013586071878671646,
        0.013511356841772794,
        0.012800385802984237,
        0.01279972730204463,
        0.015274729691445827,
        0.012984855920076371,
        0.01319630229845643,
        0.013172533493489028,
        0.01293754080310464,
        0.011796440351754428,
        0.013926427345722914,
        0.013831001482903957,
        0.013375209663063287,
        0.013772978819906712,
        0.014385117385536432,
        0.013579881470650434,
        0.01249675901606679,
        0.01340936655178666,
        0.013607043437659741,
        0.013920553047209978,
        0.01315480325371027,
        0.012654480524361134,
        0.013734788242727518,
        0.014175223521888256,
        0.014240572676062584,
        0.013568092808127404,
        0.013390325419604778,
        0.013931327257305384,
        0.013494163006544112,
        0.013693313430994749,
        0.013466034941375256,
        0.013732447251677514,
        0.01327679144218564,
        0.013505556117743255,
        0.013472503814846278,
        0.014205987490713596,
        0.014191738981753587,
        0.014298398364335298,
        0.013975106831640004,
        0.013341334238648415,
        0.013344923090189696,
        0.013589541781693698,
        0.01429407473653555,
        0.014343938305974007,
        0.013116640839725732,
        0.013717071712017059,
        0.013425750937312842,
        0.013637424819171429,
        0.012897215392440558,
        0.012755177821964026,
        0.013386877253651619,
        0.013845081655308605,
        0.01417470907792449,
        0.012736020982265473,
        0.013434251807630061,
        0.014053488224744797,
        0.012224438861012458,
        0.013115057125687599,
        0.013978001177310944,
        0.012825536634773016,
        0.014207808598876,
        0.01259315013885498,
        0.013759167958050966,
        0.012670195996761321,
        0.012882970049977302,
        0.013501192703843116,
        0.012551061511039734,
        0.014260540828108787,
        0.014290551096200943,
        0.013104653265327216,
        0.01369474021717906,
        0.014016844183206558,
        0.013304704036563635,
        0.013446797020733356,
        0.01318803621456027,
        0.014191232249140739,
        0.014063115529716015,
        0.0140731006488204,
        0.014003729932010173,
        0.014109125863760709,
        0.013210330009460449,
        0.01307267762720585,
        0.014348004572093486,
        0.013557207249104976,
        0.014520815201103687,
        0.012808471219614148,
        0.013427856396883726,
        0.014263109229505062,
        0.013171868119388818,
        0.013294229302555322,
        0.013706939537078142,
        0.012990251053124666,
        0.013474650606513023,
        0.013386175958439708,
        0.013337245732545853,
        0.012588029522448778,
        0.012582647427916527,
        0.015079309772700071,
        0.012718346063047647,
        0.012966497801244259,
        0.012983217164874076,
        0.012749757431447507,
        0.011609055120497942,
        0.013739951588213443,
        0.01365089524537325,
        0.013162053916603326,
        0.013600162081420421,
        0.014137676134705544,
        0.013382857255637646,
        0.012300603613257409,
        0.013222841508686543,
        0.013417860511690378,
        0.013744066581130027,
        0.012977800760418177,
        0.01244690977036953,
        0.013518465980887413,
        0.013988194707781076,
        0.014053281918168068,
        0.013417244851589204,
        0.013231080118566751,
        0.013732052128762006,
        0.013298206981271505,
        0.013499284535646439,
        0.013276019133627415,
        0.013550735190510749,
        0.013116570636630059,
        0.013329077735543251,
        0.013304397780448198,
        0.014014563262462617,
        0.01403197368606925,
        0.014135637264698743,
        0.013807598818093538,
        0.013167984411120414,
        0.013148204619064928,
        0.013431448694318534,
        0.014094477649778128,
        0.014169703908264638,
        0.012966593652963638,
        0.013555768076330424,
        0.013251225203275681,
        0.013446988314390182,
        0.012718235719949006,
        0.0125759556889534,
        0.013175977282226086,
        0.013700610054656863,
        0.013999315034598113,
        0.01256002064794302,
        0.013256101682782174,
        0.013891036212444306,
        0.012058825744315983,
        0.012931532040238381,
        0.013811745550483465,
        0.012665547300130128,
        0.014047535676509142,
        0.012387269698083401,
        0.01359988996759057,
        0.012497032769024372,
        0.012707739695906639,
        0.013331342460587621,
        0.012380081787705421,
        0.014092356488108635,
        0.01412461895495653,
        0.012926052920520306,
        0.0135133171454072,
        0.013833363298326731,
        0.013111472763121128,
        0.013280754769220948,
        0.012992837633937597,
        0.014020327273756265,
        0.01392509924247861,
        0.013916851785033942,
        0.013841155972331763,
        0.013924978272989393,
        0.013011594992130995,
        0.012897870354354381,
        0.014180246982723474,
        0.013370837196707725,
        0.014356185775250196,
        0.012629041289910674,
        0.013257529009133578,
        0.014100777087733149,
        0.013005655314773322,
        0.01311446249485016,
        0.01353988517075777,
        0.01279747799038887,
        0.0132803045026958,
        0.013207724746316672,
        0.013166708461940289,
        0.01241562319919467,
        0.012437827326357365,
        0.01493427406065166,
        0.012534965220838785,
        0.01278629619628191,
        0.012797932643443345,
        0.012567947618663311,
        0.01144679157063365,
        0.013583176098763942,
        0.013493367228657007,
        0.012962047699838877,
        0.0134501788392663,
        0.013908993806689978,
        0.013213960854336619,
        0.012113555856049061,
        0.013073535058647395,
        0.013229721020907163,
        0.013567895870655775,
        0.012798735797405243,
        0.012249544281512498,
        0.013313903734087943,
        0.013818469624966382,
        0.013898738622665406,
        0.013255804255604743,
        0.013070326754823327,
        0.013544561807066202,
        0.013109391387552023,
        0.013310177084058523,
        0.013102112654596567,
        0.013374452888965606,
        0.012948383241891862,
        0.01315276499837637,
        0.013125579748302698,
        0.013831532355397939,
        0.013872322142124176,
        0.013987193387001752,
        0.013637781199067832,
        0.013009218741208315,
        0.012947323750704526,
        0.013256228547543287,
        0.013916202560067177,
        0.01400765249505639,
        0.012831407841295004,
        0.013400572575628758,
        0.013083623833954333,
        0.013270833361893893,
        0.01254243465140462,
        0.012399184573441744,
        0.012982096560299396,
        0.013568638768047094,
        0.013830744288861751,
        0.012391316052526236,
        0.013080325685441494,
        0.013729045083746314,
        0.011895187823101878,
        0.012762526329606772,
        0.013654120061546563,
        0.0125011124368757,
        0.013895155200734734,
        0.012198217026889325,
        0.013453768622130156,
        0.012339673368260265,
        0.012536982959136366,
        0.013173832166939974,
